phase,label,http_status,latency_ms
safety_regression,solid_yellow,422,17463.8
safety_regression,solid_green,422,7573.0
diagnosis_regression,algal_leaf_spot_1080x810,200,4739.1
diagnosis_regression,leaf_blight_1080x810,200,4560.5
safety_regression,green_noise,422,2364.4
esp32_simulation,algal_jpeg_q20_640x480,200,2220.1
esp32_simulation,blight_jpeg_q20_640x480,200,1848.9
esp32_simulation,blight_lowres_320x240,200,1432.7
esp32_simulation,blight_motion_blur,200,1408.3
esp32_simulation,blight_dark_underexposed,200,1269.0
esp32_simulation,algal_dark_underexposed,200,1260.1
esp32_simulation,algal_lowres_320x240,200,1193.5
esp32_simulation,algal_motion_blur,200,1167.4
safety_regression,bright_white,422,976.2
safety_regression,dark_green,422,892.8
safety_regression,random_noise,422,6.9
safety_regression,solid_gray,422,6.4
safety_regression,solid_orange,422,5.7
safety_regression,solid_white,422,5.3
safety_regression,solid_blue,422,4.8
safety_regression,solid_black,422,4.7
safety_regression,solid_red,422,4.7
