phase,subtype,label,expected_status,actual_status,passed,latency_ms,note
safety_regression,color_solid,solid_white,422,422,True,5.3,
safety_regression,color_solid,solid_black,422,422,True,4.7,
safety_regression,color_solid,solid_red,422,422,True,4.7,
safety_regression,color_solid,solid_blue,422,422,True,4.8,
safety_regression,color_solid,solid_yellow,422,422,True,17463.8,
safety_regression,color_solid,solid_gray,422,422,True,6.4,
safety_regression,noise,random_noise,422,422,True,6.9,
safety_regression,noise,green_noise,422,422,True,2364.4,
safety_regression,color_solid,solid_green,422,422,True,7573.0,
safety_regression,color_solid,solid_orange,422,422,True,5.7,
safety_regression,extreme_lighting,dark_green,422,422,True,892.8,
safety_regression,extreme_lighting,bright_white,422,422,True,976.2,
esp32_simulation,lowres_320x240,algal_lowres_320x240,200,200,True,1193.5,
esp32_simulation,jpeg_q20_640x480,algal_jpeg_q20_640x480,200,200,True,2220.1,
esp32_simulation,dark_underexposed,algal_dark_underexposed,200,200,True,1260.1,
esp32_simulation,motion_blur,algal_motion_blur,200,200,True,1167.4,
esp32_simulation,lowres_320x240,blight_lowres_320x240,200,200,True,1432.7,
esp32_simulation,jpeg_q20_640x480,blight_jpeg_q20_640x480,200,200,True,1848.9,
esp32_simulation,dark_underexposed,blight_dark_underexposed,200,200,True,1269.0,
esp32_simulation,motion_blur,blight_motion_blur,200,200,True,1408.3,
